A Bung,Sex
A Dơi,Sex
A Đớt,Sex
A Kây,Sex
A Lù,Sex
A Lưới,Sex
A Mú Sung,Sex
A Ngo,SexFalse
A Nông,Sex
A Roàng,Sex
A Rooi,Sex
A Tiêng,Sex
A Ting,Sex
A Túc,Sex
A Vao,Sex
A Vương,Sex
A Xan,Sex
a Xán,Sex
A Xing,Sex
Adơk,Sex
Ai,Sex
Ái Anh,Sex
Ai Ngọc,Sex
Ai Quốc,Sex
Ai Sa,Sex
Ái Thụy Anh,Sex
Albert Marc,Sex
Alex Phú,Sex
An,SexFalse
An  Bích,Sex
An  Lập,Sex
An  Quân,Sex
An  Quỳnh,Sex
An  Việt,Sex
An An,Sex
An Bá,Sex
An Bách,Sex
An Bảo,SexTrue
An Bích,Sex
An Biên,Sex
An Bính,Sex
An Bình,SexFalse
An Châu,Sex
An Chi,SexFalse
An Chỉ,Sex
An Cơ,SexTrue
An Công,Sex
An Cư,Sex
An Cường,SexTrue
An Đăng,Sex
An Dao,Sex
An Đạo,Sex
An Di,SexFalse
An Di Luân,Sex
An Diệp,Sex
An Diệu,Sex
An Điều,Sex
An Dinh,Sex
An Dĩnh,Sex
An Đinh,Sex
An Đình,Sex
An Doanh,Sex
An Đông,SexTrue
An Đổng,Sex
An Đức,Sex
An Duệ,Sex
An Dũng,Sex
An Dương,Sex
An Duy,SexTrue
An Duyên,Sex
An Dy,SexFalse
An Gia,SexTrue
An Gia Quang,Sex
An Giang,Sex
An Hà,SexFalse
An Hạ,SexFalse
An Hải,SexTrue
An Hàm,Sex
An Hiền,Sex
An Hiệp,Sex
An Hình Sự,Sex
An Hòa,Sex
An Hồng,Sex
An Huân,Sex
An Huê,Sex
An Hùng,Sex
An Hưng,SexTrue
An Huy,SexTrue
An Huyện,Sex
An Huỳnh,Sex
An Hy Joyce,Sex
An Jayden,Sex
An Khang,SexTrue
An Khánh,SexFalse
An Khê,SexFalse
An Khiết,Sex
An Khoa,Sex
An Khôi,Sex
An Khuê,Sex
An Khương,SexTrue
An Kì,Sex
An Kiệt,Sex
An Kiều,Sex
An Kỳ,Sex
An Lạc,Sex
An Lâm,SexTrue
An Lăng,Sex
An Lão,Sex
An Lập,SexTrue
An Lệ,Sex
An Liêm,Sex
An Linh,SexFalse
An Lĩnh,Sex
An Lộc,Sex
An Lộc,SexFalse
An Lương,Sex
An Ly,Sex
An Miên,Sex
An Minh,Sex
An Minh  Nhật,Sex
An Mộc,Sex
An Môn,Sex
An Mục,Sex
An Mỹ,Sex
An Na,SexFalse
An Nam,SexTrue
An Nga,Sex
An Nghi,Sex
An Nghĩa,Sex
An Ngọc,Sex
An Nguen,Sex
An Nguyên,SexTrue
An Nhàn,SexFalse
An Nhân,Sex
An Nhanh,Sex
An Nhi,SexFalse
An Nhiên,SexFalse
An Nhơn,Sex
An Nhu,Sex
An Như,SexFalse
An Như Gọc,Sex
An Như,Sex
An Nhuệ,Sex
An Ni,Sex
An Ninh,SexTrue
An Nông,Sex
An Ny,Sex
An Phát,SexTrue
An Phi,Sex
An Phong,Sex
An Phú,SexTrue
An Phuc,Sex
An Phúc,Sex
An Phúc Lành,Sex
An Phước,SexTrue
An Phương,SexFalse
An Phường,Sex
An Quân,SexTrue
An Quang,Sex
An Quảng,SexTrue
An Quế,Sex
An Quốc,Sex
An Quy,Sex
An Quý,SexTrue
An Quyên,SexFalse
An Sa,Sex
An Sam,Sex
An Sâm,Sex
An Sơn,Sex
An Sương,SexFalse
An Tân,Sex
An Thái,SexTrue
An Thắng,Sex
An Thanh,SexFalse
An Thành,Sex
An Thạnh,Sex
An Thao,Sex
An Thảo,Sex
An Thi,Sex
An Thiên,SexTrue
An Thịnh,SexTrue
An Thơ,Sex
An Thọ,Sex
An Thuận,SexTrue
An Thượng,Sex
An Thuyên,SexTrue
An Thy,Sex
An Tiêm,Sex
An Tịnh Liên,SexFalse
An Toàn,Sex
An Toản,Sex
An Trạch,Sex
An Trí,Sex
An Tri Leo,Sex
An Triết,Sex
An Trinh,SexFalse
An Trung,SexTrue
An Trường,Sex
An Truyền,Sex
An Từ,Sex
An Tuấn,Sex
An Túc,Sex
An Tức,Sex
An Tuệ,SexFalse
An Tường,Sex
An Tường,SexTrue
An Tuyên,Sex
An Vân,Sex
An Vi,Sex
An Viên,Sex
An Vinh,SexTrue
An Vĩnh,Sex
An Vũ,Sex
An Vương,SexTrue
An Vy,Sex
An Vỹ,SexTrue
An Xã,Sex
An Xuân,Sex
An Ý,Sex
An Yên,SexFalse
Anh,SexTrue
Anh  Cường,Sex
Anh  Đặng,Sex
Anh  Đức Thạch,Sex
Anh  Kiên,Sex
Anh  Kiệt,Sex
Anh  Lâm,Sex
Anh  Phúc,Sex
Anh  Thái,Sex
Anh  Thơ,Sex
Anh Abby,Sex
ANH ÂN,Sex
Anh Bách,Sex
Anh Băng,Sex
Anh Bằng,SexTrue
Anh Bảo,SexTrue
Anh Bình,Sex
Anh Cầm,Sex
Anh Cảm,Sex
Anh Cần,Sex
Anh Cát,Sex
Anh Châu,SexFalse
Anh Chi,SexFalse
Anh Chí,Sex
Anh Chiến,Sex
Anh Chiêu,Sex
Anh Chinh,Sex
Anh Chúc,Sex
Anh Chương,SexTrue
Anh Cúc,Sex
Anh Cường,SexTrue
Anh Đài,SexFalse
Anh Đăng,SexTrue
Anh Danh,Sex
Anh Dao,Sex
Anh Đào,SexFalse
Anh Đạo,Sex
Anh Đạt,SexTrue
Anh Đệ,Sex
Anh Diễm,Sex
Anh Diễn,Sex
Anh Điền,Sex
Anh Diệp,Sex
Anh Điệp,SexFalse
Anh Dĩnh,Sex
Anh Dĩnh,Sex
Anh Đông,Sex
Anh Đồng,Sex
Anh Đồng,Sex
Anh Duẫn,Sex
Anh Duẩn,Sex
Anh Dục,Sex
Anh Đúc,Sex
Anh Đức,SexTrue
Anh Ðức,Sex
Anh Dũng,SexTrue
Anh Dững,Sex
Anh Duy,SexTrue
Anh Em,Sex
Anh Grace,Sex
Anh Hà,Sex
Anh Hải,Sex
Anh Hào,SexTrue
Anh Hậu,Sex
Anh Hè,Sex
Anh Hiếu,SexTrue
Anh Hòa,Sex
Anh Hoài,Sex
Anh Hoàng,SexTrue
Anh Huấn,SexTrue
Anh Húc,Sex
ANH Huệ,Sex
Anh Hùng,SexTrue
Anh Hưng,Sex
Anh Hương,SexTrue
Anh Huy,SexTrue
Anh Huyền,Sex
Anh Huỳnh,Sex
Anh Jenny,Sex
Anh Kha,SexTrue
Anh Khai,Sex
Anh Khải,SexTrue
Anh Khang,SexTrue
Anh Khánh,Sex
Anh Khiết Ân,Sex
Anh Khoa,SexTrue
Anh Khôi,SexTrue
Anh Khuê,Sex
Anh Khương,SexTrue
Anh Kiên,SexTrue
Anh Kiện,Sex
Anh Kiệt,SexTrue
Anh Kiệt,SexTrue
Anh Kiều,SexFalse
Anh Kim,SexFalse
Anh Kính,Sex
Anh Lâm,Sex
Anh Lan,Sex
Anh Lập,Sex
Anh Li,Sex
Anh Lịch,SexTrue
Anh Liêm,Sex
Anh Linh,SexTrue
Anh Lộc,Sex
Anh Long,SexTrue
Anh Luân,SexTrue
Anh Lương,Sex
Anh Ly,Sex
Anh Mai,Sex
Anh Mi,Sex
Anh Minh,SexTrue
Anh Mưa,Sex
Anh My,Sex
Anh Mỹ,SexFalse
Anh Na,SexFalse
Anh Năm,Sex
Anh Nghĩa,SexTrue
Anh Ngọa,Sex
Anh Ngọc,SexFalse
Anh Nguyên,Sex
Anh Nguyệt,Sex
Anh Nhàn,Sex
Anh Nhân,Sex
Anh Nhất,Sex
Anh Nhật,SexTrue
Anh Nhi,SexFalse
Anh Nhiên,Sex
Anh Như,Sex
Anh Nụ,Sex
Anh Nữ,SexFalse
Anh Nương,Sex
Anh Pháp,Sex
Anh Phát,SexTrue
Anh Phi,Sex
Anh Phong,SexTrue
Anh Phúc,Sex
Anh Phuc An,Sex
Anh Phụng,Sex
Anh Phước,Sex
Anh Phương,Sex
Anh Phượng,Sex
Anh Quân,SexTrue
Anh Quang,SexTrue
Anh Quẩy,Sex
Anh Quế Mi,Sex
Anh Qui,Sex
Anh Quốc,SexTrue
Anh Quý,Sex
Anh Quyên,SexTrue
Anh Quyền,Sex
Anh Quỳnh,Sex
Anh Sa,SexFalse
Anh Sam,Sex
Anh Sâm,Sex
Anh Sang,Sex
Anh Sáng,Sex
Anh Sinh,Sex
Anh Sơn,SexTrue
Anh Tá,Sex
Anh Tài,SexTrue
Anh Tâm,Sex
Anh Tân,SexTrue
Anh Tập,Sex
Anh Thạch,Sex
Anh Thái,SexTrue
Anh Thắng,SexTrue
Anh Thành,Sex
Anh Thao,Sex
Anh Thảo,SexFalse
Anh Thi,SexFalse
Anh Thiên,Sex
Anh Thiện,SexTrue
Anh Thiện,Sex
Anh Thiệp,Sex
Anh Thiết,Sex
Anh Thiệu,Sex
Anh Thơ,SexFalse
Anh Thọ,Sex
Anh Thoa,Sex
Anh Thoại,Sex
Anh Thông,Sex
Anh Thu,SexFalse
Anh Thư,SexFalse
Anh Thúc,Sex
Anh Thương,SexFalse
Anh Thượng,Sex
Anh Thuỳ,Sex
Anh Thúy,Sex
Anh Thùy,Sex
Anh Thủy,Sex
Anh Thuỷ Anh,Sex
Anh Thuyên,Sex
Anh Thuyền,Sex
Anh Thy,SexFalse
Anh Tích An,Sex
Anh Tiệm,Sex
Anh Tiến,SexTrue
Anh Tiền,Sex
Anh Tiệp,SexTrue
Anh Tín,Sex
Anh Toàn,Sex
Anh Toản,SexTrue
Anh Toàn,Sex
Anh Trâm,SexFalse
Anh Trân,SexFalse
Anh Trấn,Sex
Anh Trí,SexTrue
Anh Trí  Lượng,Sex
Anh Trí Năng,Sex
Anh Triết,Sex
Anh Triệu,Sex
Anh Trinh,Sex
Anh Trình,Sex
Anh Trọng,Sex
Anh Trúc,SexFalse
Anh Trực,Sex
Anh Trung,Sex
Anh Trường,Sex
Anh Trưởng,Sex
Anh Truyền,Sex
Anh Tú,SexTrue
Anh Tuân,Sex
Anh Tuấn,SexTrue
Anh Túc,Sex
Anh Túc An,Sex
Anh Tuê,Sex
Anh Tuệ,SexTrue
Anh Tụê,Sex
Anh Tùng,SexTrue
Anh Tường,Sex
Anh Túp,Sex
Anh Tuyên,Sex
Anh Tuyền,Sex
Anh Tuyển,Sex
Anh Tuyết,Sex
Anh Tuyết Ân,Sex
Anh Tý,Sex
Anh Uyên,Sex
Anh Vân,Sex
Anh Văn,SexTrue
Anh Vạn Lượng,Sex
Anh Vi,Sex
Anh Vĩ,Sex
Anh Viên,Sex
Anh Việt,SexTrue
Anh Vinh,SexTrue
Anh Vũ,SexTrue
Anh Vui,Sex
Anh Vương,Sex
Anh Vy,SexFalse
Anh Vỹ,Sex
Anh Xích,Sex
Anh Xuân,Sex
Ayun,Sex
Ayun Hạ,Sex
Ayun Pa,Sex
Bá An,Sex
Bá Anh,Sex
Bắc An,Sex
BẠCH AN,Sex
Bạch Anh,Sex
Băng Adrênh,Sex
Băng Anh,Sex
Bảo   Anh,Sex
Bảo An,Sex
Bảo An,SexTrue
Bảo An Nhiên,SexFalse
Bảo Anh,SexFalse
Bảo Anh,SexTrue
Bảo Anh Thư,SexFalse
Bao Anthony,Sex
Bảo Miên An,SexFalse
Bảo Minh  Anh,Sex
Bảo Tâm An,SexFalse
Bích Ai,Sex
Bích Anh,Sex
Bình An,SexTrue
Bình Anh,Sex
Bỏ An,Sex
Bồng Am,Sex
Bùi An Hạnh,Sex
Bùi Anh Chiêu,Sex
Bửu Anh,Sex
Cẩm  Anh,Sex
Cẩm An,Sex
Cầm Anh,Sex
Cẩm Anh,SexFalse
Cảnh An,Sex
Cao Anh,Sex
Cát An,Sex
Cát An Anh,Sex
Cát An Di,Sex
Cát An Kha,Sex
Cát Anh,SexFalse
Cát Anh Vy,SexFalse
Cát Chi Anh,Sex
Cát Thụy An,Sex
Cát Yên An,SexFalse
Cát Yên Anh,Sex
Châm Anh,SexFalse
Chấn Anh,Sex
Châu An,SexFalse
Châu Anh,Sex
Châu Bảo  An,Sex
Châu Khiết Anh,Sex
Châu Thành A,Sex
Chi  Anh,Sex
Chi An,SexFalse
Chí An,Sex
Chí Anh,SexTrue
Chiêu An,Sex
Chiêu Anh,SexFalse
Chính An,Sex
Chính Anh,Sex
Chối Anh,Sex
Chư A Thai,Sex
Chúc An,Sex
Chức An,SexFalse
Chúc Anh,Sex
Chung Anh,Sex
Chương An,Sex
Công An,SexTrue
Công Anh,SexTrue
Công Toàn Anh,Sex
Cư A Mung,Sex
Cúc Anh,Sex
Cường An,Sex
Cường ANDY,Sex
Cửu An,Sex
Dạ Anh,Sex
Đắc  Anh,Sex
Đắc An,Sex
Đắc Anh,Sex
Ðắc Anh,Sex
Đại An,SexTrue
Đài Anh,Sex
Đại Anh,Sex
Đại Anh,Sex
Đăk Ang,Sex
Đàm Ngán Anh,Sex
Dân An,Sex
Đan Anh,SexFalse
Đan Thuỵ Anh,Sex
Đăng  An,Sex
Đăng An,SexTrue
Đặng An,Sex
Ðăng An,SexTrue
Đăng Anh,SexTrue
Đạt Anh,Sex
Đê Ar,Sex
Dĩ An,Sex
Di Anh,Sex
Diễm An,Sex
Diễm Anh,Sex
Điềm Anh,Sex
Diện An,Sex
Điền An,Sex
Diện Anh,Sex
Diệp  Anh,Sex
Diễp An,Sex
Diệp An,SexFalse
Diệp An Hy,Sex
Diệp Anh,SexFalse
Điệp Anh,Sex
Diệp Ánh Anh,Sex
Diệu  An,Sex
Diệu  Anh,Sex
Diệu An,Sex
Diệu Anh,Sex
Diệu Anh,SexFalse
Dĩnh An,Sex
Đình An,SexTrue
Định An,Sex
Dĩnh Anh,Sex
Đình Anh,SexTrue
Đỗ An  Nhi,Sex
Đỗ Thuỵ An,Sex
Doãn Anh,Sex
Đoàn Anh,Sex
Đoàn Vĩ An,Sex
Đông A,Sex
Đông An,Sex
Đông Anh,Sex
Đồng Pháp Anh,Sex
Đông Phước A,Sex
Đức Aí,Sex
Đức An,SexTrue
Đức An Kiên,Sex
Đức ANDY,Sex
Đức Anh,SexTrue
Đức Anh,SexTrue
Ðức Anh,SexTrue
Đức Ngọc  Anh,Sex
Duệ Anh,Sex
Dũng An,Sex
Dũng Anh,Sex
Dương An,Sex
Dương Anh,SexTrue
Duy An,SexTrue
Duy Anh,SexTrue
Duy Anh Thế,Sex
Duyên An,Sex
Duyên Anh,Sex
Dy An,SexTrue
Gia  Anh,Sex
Gia An,SexTrue
Giá An,Sex
Gia Anh,SexTrue
Gia Phuc An,Sex
Giàng A Chu,Sex
Giang An,Sex
Giang Anh,Sex
Giao An,Sex
Hạ  An,Sex
Hà  Anh,Sex
Hà An,Sex
Hạ An,Sex
Hà An Hi,Sex
Hà Anh,Sex
Hạ Anh,SexFalse
Hà Anh Phú,Sex
Hạ Chi Anh,Sex
Hà Đàm Anh,Sex
Hà Di An,Sex
Hà Huyen Anh,Sex
Hà Lâm Am,Sex
Hà Mi Anh,Sex
Hà Thien An,Sex
Hạ Thụy Anh,Sex
Hà Vy  An,Sex
Hạc An,Sex
Hải An,SexTrue
Hải An Cát,Sex
Hải Anh,Sex
Hải Anh,SexFalse
Hải Chi Anh,Sex
Hải Hân Anh,Sex
Hải Phong An,Sex
Hàm Anh,Sex
Hàn Anh,Sex
Hằng An,Sex
Hạnh  An,Sex
Hạnh An,Sex
Hào  Anh,Sex
Hào An,Sex
Hào Anh,Sex
Hảo Anh,Sex
Hạo Anh,Sex
Hiền An,Sex
Hiền Anh,SexFalse
HIỆN ANH,Sex
Hiệp An,Sex
Hiếu An Hỷ,Sex
Hiếu Anh,SexTrue
Hồ Anh,Sex
Hoà An,Sex
Hòa An,SexFalse
Hoa Anh,Sex
Hoà Anh,Sex
Hòa Anh,Sex
Hoài  An,Sex
Hoài An,SexFalse
Hoài An Tâm,Sex
Hoài Anh,Sex
Hoài Anh,Sex
Hoan Anh,Sex
Hoàn Anh,Sex
Hoàng  An,Sex
Hoàng  Anh,Sex
Hoàng  Triệu Anh,Sex
Hoàng An,SexTrue
Hoàng An Đạt,SexTrue
Hoàng An Kim,Sex
Hoàng An Lân,Sex
Hoàng An Thư,Sex
Hoàng An Tiến,SexTrue
Hoàng An Tú,Sex
Hoàng Andrew,Sex
Hoàng Anh,SexTrue
Hoằng Anh,Sex
Hoàng Anh Vincent,Sex
Hoàng Bội An,Sex
Hoàng Chi Anh,Sex
Hoàng Khải Anh,Sex
Hoàng Khiết Anh,Sex
Hoàng Kỳ  Anh,Sex
Hoàng Lâm Anh,Sex
Hoàng Mai  Anh,Sex
Hoàng Mình Anh,Sex
Hoàng Thùy Anh,Sex
Hoàng Tuệ  Anh,Sex
Hoàng Tường  Anh,Sex
Hội An,Sex
Hồng  An,Sex
Hồng  Anh,Sex
Hồng An,SexFalse
Hồng An Khanh,Sex
Hống Anh,Sex
Hồng Anh,SexFalse
Hồng Thuỳ  Anh,Sex
Hợp Anh,Sex
Hứa kỳ Anh,Sex
Huệ An,SexFalse
Huệ Anh,Sex
Hưng An,Sex
Hùng Anh,SexTrue
Hưng Điền A,Sex
Hương Anh,Sex
Hữu  Anh,Sex
Hữu An,SexTrue
Hữu Anh,Sex
Hữu Anh  Khôi,Sex
Huy An,Sex
Huy Anh,SexTrue
Huy Anh  Đức,Sex
Huy Pháp Anh,Sex
Huyền  Anh,Sex
Huyền An,Sex
Huyền Anh,SexFalse
Huyền Trúc Anh,Sex
Huỳnh Anh,Sex
Huỳnh Anh Võ,Sex
Huỳnh Bảo  An,Sex
Huỳnh Di An,Sex
Huỳnh Phuong Anh,Sex
Huỳnh Tô Anh,Sex
Hy An,Sex
Ia AKe,Sex
Kế An,Sex
Khả  An,Sex
Khả An,SexFalse
Khả Anh,SexFalse
Khắc An,Sex
Khắc An Chân,Sex
Khắc Chân An,Sex
Khắc Vĩ An,Sex
Khải An,SexTrue
Khải Anh,SexTrue
Khâm Anh,Sex
Khang Anh,Sex
Khánh An,SexTrue
Khánh An Dao,Sex
Khánh An Vi,Sex
Khánh Anh,SexFalse
Khánh Thuỷ Anh,Sex
Khiết An,Sex
Khiếu Anh,Sex
Khoa Anh,SexTrue
Khôi An,Sex
Khôi Anh,SexTrue
Khởi Anh,Sex
Khuê An,Sex
Khuê Anh,Sex
Kì Anh,Sex
Kiếm Anh,Sex
Kiên An,Sex
Kiến An,SexTrue
Kiện An,Sex
Kiên Anh,Sex
Kiết An,Sex
Kiệt Anh,Sex
Kiều  Anh,Sex
Kiều An,SexFalse
Kiều Anh,SexFalse
Kiều Nguyệt  Anh,Sex
Kiều Nguyệt Anh,SexFalse
Kim An,Sex
Kim Anh,SexFalse
Kim Bảo An,SexFalse
Krông Ana,Sex
Kỳ An,SexTrue
Kỳ Anh,SexTrue
Kỷ Anh,Sex
Lam An,Sex
Lâm An,SexTrue
Lam Anh,Sex
Làm Anh,Sex
Lâm Anh,SexTrue
Lan Anh,SexFalse
Lê An,Sex
Lê An  Phú,Sex
Lê Anh,Sex
Lệ Anh,Sex
Lê Bảo  Anh,Sex
Lê Hoàng  Anh,Sex
Lê Quỳnh Ang,Sex
Lê Trâm  Anh,Sex
Liên An,Sex
Liên Anh,Sex
Linh An,Sex
Linh Anh,SexFalse
Linh Lạc Anh,Sex
Lộc An,Sex
Long An,Sex
Long Anh,Sex
Lữ Anh,Sex
Lục Andrew,Sex
Lục Anh,Sex
Lương An,Sex
Lương An Trà,Sex
Lương Anh,Sex
Lương Hoà A,Sex
Lưu Nghiệp Anh,Sex
Lý  An,Sex
Ly An,Sex
Lý An Thư,Sex
Lý Hòa  An,Sex
Lý Việt  An,Sex
Mai An,SexFalse
Mai Anh,SexFalse
Mai Hoai An,Sex
Mạnh An,Sex
Mậu Anh,Sex
Mây Trà An,Sex
Mĩ An,Sex
Mĩ Anh,Sex
Minh   An,Sex
Minh  An,Sex
Minh  Anh,Sex
Minh An,SexFalse
Minh An Thư,Sex
Minh ANDY,Sex
Minh Anh,SexTrue
Minh Đoan Anh,Sex
Minh Khải  An,Sex
Minh Nhiên An,Sex
Minh Sỹ  An,Sex
Minh Sỹ An,Sex
Mộc An,SexFalse
Mộc Anh,SexFalse
Mộc Chi Anh,Sex
Muội A,Sex
Mỹ An,SexFalse
Mỹ An Trang,Sex
My Anh,Sex
Mỹ Anh,SexFalse
Mỹ Anh,Sex
Nam   An,Sex
Nam An,SexTrue
Nam Anh,SexTrue
Năng An,Sex
Nga Abby,Sex
Nga Anh,Sex
Ngân An,SexFalse
Ngân Anh,SexFalse
Nghệ An,Sex
Nghi Anh,Sex
Nghĩa An,Sex
Nghĩa Anh,Sex
Nghiêm Anh,Sex
Nghiêng Anh,Sex
Ngô An,Sex
Ngô Anh,Sex
Ngọc  Anh Hy,Sex
Ngọc  Anh Thảo,Sex
Ngọc  Điềm Anh,Sex
Ngọc  Mi An,Sex
Ngoc Abby,Sex
Ngọc An,SexTrue
Ngọc An  Dương,Sex
Ngọc An  Nhiên,Sex
Ngọc An An,Sex
Ngọc An Ánh,Sex
Ngọc An Bích,Sex
Ngọc An Hạ,SexFalse
Ngọc An Hằng,Sex
Ngọc An Lam,SexFalse
Ngọc An Ngân,Sex
Ngọc An Nhiên,Sex
Ngọc An Thư,Sex
Ngọc An Uy,Sex
Ngọc Anh,SexFalse
Ngọc Anh  Thơ,Sex
Ngọc Anh Lạc,Sex
Ngọc Anh Lê,Sex
Ngọc Anh Nhã,Sex
Ngọc Anh Túc,Sex
Ngọc Châm Anh,Sex
Ngọc Châu Anh,SexFalse
Ngọc Hương An,Sex
Ngoc Huynh Anh,Sex
Ngọc Khải  An,Sex
Ngọc Kiều  Anh,Sex
Ngọc Mình An,SexFalse
Ngọc Mình Anh,Sex
Ngọc Nghi An,Sex
Ngọc Nhiên An,Sex
Ngọc Phuc An,Sex
Ngọc Phương  Anh,Sex
Ngọc Sa An,Sex
Ngọc Thảo  Anh,Sex
Ngọc Thúc An,Sex
Ngọc Trâm Anh,Sex
Ngoc Tu Anh,Sex
Ngọc tuệ  Anh,Sex
Ngọc Tuê An,Sex
Ngọc Tuệ An,SexFalse
Ngọc Túy An,Sex
Ngọc Vân  Anh,Sex
Ngòi A,Sex
Ngữ Anh,Sex
Nguyên An,Sex
Nguyễn Angela,Sex
Nguyên Anh,SexTrue
Nguyễn Anh,Sex
Nguyễn Bách An,Sex
Nguyễn Phương  Anh,Sex
Nguyễn Thi Anh,Sex
Nguyễn Việt  Anh,Sex
Nguyệt  Anh,Sex
Nguyệt An,Sex
Nguyệt Anh,Sex
Nguyệt Anh,SexFalse
Nhã An,SexFalse
Nhã Anh,SexFalse
Nhã Anh Thư,SexFalse
Nhã Uyên Anh,SexFalse
Nhân  Anh,Sex
Nhãn An,Sex
Nhật  Anh,Sex
Nhật An,SexFalse
Nhật Anb,Sex
Nhất Anh,SexTrue
Nhật Anh,SexTrue
Nhật Anh  Khoa,Sex
Nhật Quân Anh,SexTrue
Nhi  An,Sex
Nhi An,SexFalse
Nhi Anh,Sex
Nhiên Anh,Sex
Như An,Sex
Như Anh,SexFalse
Nhuận Anh,Sex
Nhược Anh,Sex
Nhựt An,Sex
Nhựt Anh,Sex
Ninh An,Sex
Ninh Anh,Sex
Phạm An,Sex
Phạm Anh Dương,Sex
Phạm Phương  Anh,Sex
Phan A Nhiên,Sex
Phan Anh,SexTrue
Phan Yên An,Sex
Pháp Anh,Sex
Phát An,Sex
Phi An,Sex
Phi Anh,SexTrue
Phiêu Anh,Sex
Phong An,Sex
Phú An,SexTrue
Phú Anh,Sex
Phủ Anh,Sex
Phú Quân Anh,SexTrue
Phúc An,SexTrue
Phúc An Cát,Sex
Phúc An Hạo,SexTrue
Phúc An Lành,Sex
Phúc An Nhường,Sex
Phúc An Tâm,Sex
Phúc An Thạch,Sex
Phúc An Thương,Sex
Phúc An Thường,Sex
Phúc Anb,Sex
Phúc Anh,Sex
Phúc Anh Kỳ,Sex
Phúc Thiên  An,Sex
Phụng Anh,Sex
Phước  An,Sex
Phước An,Sex
Phước An,SexTrue
Phước Anh,Sex
Phước Anh,Sex
Phương  An,Sex
Phương  Anh Thảo,Sex
Phương  Anh,Sex
Phương An,SexFalse
Phuơng Anh,Sex
Phương Anh,SexFalse
Phường Anh,Sex
Phượng Anh,Sex
Phương Anh Điềm,Sex
Phương Anh Hy,Sex
Phương Anh Li,Sex
Phương Chi Anh,Sex
Phương Mỹ Anh,SexFalse
Phương Nhã An,Sex
Phương Thiên  Anh,Sex
Phương Tuệ Anh,SexFalse
Quan An,Sex
Quang An,SexTrue
Quảng An,Sex
Quang Anh,SexTrue
Quảng Anh,Sex
Quang Nhật Anh,Sex
Quang Trưởng An,Sex
Quế An,Sex
Quế Anh,SexFalse
Quốc An,SexTrue
Quốc ANDY,Sex
Quốc Anh,SexTrue
Quốc Anh Ngữ,Sex
Quý An,Sex
Quý An,Sex
Quý Anh,Sex
Quyền Anh,Sex
Quỳmh Anh,Sex
Quỳnh An,SexFalse
Quỳnh Angela,Sex
Quynh Anh,Sex
Quýnh Anh,Sex
Quỳnh Anh,SexFalse
Quỳnhn Anh,Sex
Sang Anh,Sex
Sao Anh,Sex
Sinh An,Sex
Sinh Anh,Sex
Sơn A,Sex
Sơn An,Sex
Sơn Anh,Sex
Song An,SexFalse
Song Anh,Sex
Sùng A Hồng,Sex
Sương Anh,Sex
Sỹ Anh,Sex
Sỹ Tùng An,Sex
Tá Anh,Sex
Tài An,Sex
Tài Anh,Sex
Tâm An,Sex
Tâm Anh,Sex
Tam Anh Bắc,Sex
Tam Anh Nam,Sex
Tân An,Sex
Tấn An,SexTrue
Tân Anh,Sex
Tấn Anh,Sex
Tất An,Sex
Tây An,Sex
Tế Anh,Sex
Thạch An,Sex
Thạch An,Sex
Thạch Anh,SexTrue
Thái An,SexTrue
Thái Anh,SexTrue
Thái Thị An Chung,Sex
Thần  Anh,Sex
Thân Anh,Sex
Thanh An,SexFalse
Thành An,SexTrue
Thanh Anh,Sex
Thánh Anh,Sex
Thành Anh,Sex
Thanh Anh Hiểu,Sex
Thanh Anh Tư,Sex
Thanh Khiết Anh,Sex
Thạnh Thới An,Sex
Thảo An,SexFalse
Thảo Anh,Sex
Thất An,Sex
Thất Anh,Sex
Thế  Anh,Sex
Thế An,SexTrue
Thế Anh,SexTrue
Thế Anh Hoa,Sex
Thế Lân Anh,Sex
Thế Tùng An,Sex
Thị An,SexFalse
Thị An Bích,Sex
Thị An Huyền,Sex
Thị An Khanh,Sex
Thị An Khiết,Sex
Thị An San,SexFalse
Thị An Tâm,SexFalse
Thị An Thư,Sex
Thị Anh,SexFalse
Thị Anh  Thảo,Sex
Thị Anh Thư,Sex
Thị Hằng Anh,Sex
Thị Hống Anh,Sex
Thị Trâm An,Sex
Thị Vân Anh,Sex
Thiên Ai,Sex
Thiên An,SexTrue
Thiện An,SexTrue
Thiên An Joyce,Sex
Thiên Anh,SexTrue
Thiện Anh,Sex
Thiện Anh,Sex
Thiêng Anh,Sex
Thiết An,Sex
Thiếu Anh,SexTrue
Thiều Anh,Sex
Thiệu Anh,Sex
Thịnh An,Sex
Thọ An,Sex
Thời An,Sex
Thới An Hội,Sex
Thôi Anh,Sex
Thu An,SexFalse
Thư An,Sex
Thu Anh,SexFalse
Thư Anh,Sex
Thuận An,Sex
Thuần Anh,Sex
Thuận Anh,SexTrue
Thục  Anh,Sex
Thục An,SexFalse
Thúc Anh,Sex
Thục Anh,SexFalse
Thức Anh,Sex
Thuế An,Sex
Thước An,Sex
Thường An,Sex
Thưởng An,Sex
Thường Anh,Sex
Thường Hưng An,Sex
Thuỳ  Anh,Sex
Thùy  Anh,Sex
Thùy  Anh,Sex
Thuý An,SexFalse
Thuỳ An,Sex
Thúy An,SexFalse
Thùy An,SexFalse
Thủy An,Sex
Thụy An,SexFalse
Thùy An Hạ,Sex
Thuý Anh,SexFalse
Thuỳ Anh,SexFalse
Thúy Anh,SexFalse
Thùy Anh,SexFalse
Thủy Anh,Sex
Thụy Anh,SexTrue
Thùy Dung Anh,Sex
Thy  An,Sex
Thy An,SexTrue
Thy Anh,Sex
Tịch An,Sex
Tịch Anh,Sex
Tịch Nhiên An,Sex
Tiên An,Sex
Tiến An,Sex
Tiến Anh,SexTrue
Tiền Anh,Sex
Tiết An,Sex
Tiểu An,Sex
Tinh Anh,Sex
Tịnh Anh,Sex
Tố Anh,Sex
Tõm Anh,Sex
Trác Anh,Sex
Trầm An,Sex
Trâm Anh,SexFalse
Trầm Anh,Sex
Trần Bảo An,Sex
Trần An Hân,Sex
Trấn Anh,Sex
Trần Anh,Sex
Trần Anh  Khôi,Sex
Trần Anh Quyết,Sex
Trần Huyền  Anh,Sex
Trần Lạc An,Sex
Trần Sỹ Anh,Sex
Trần Thịnh Anh,Sex
Trang An,Sex
Trang Anh,SexFalse
Trầnthảo Anh,Sex
Trí An,Sex
Trí Anh,SexTrue
Triết Anh,Sex
Triều An,Sex
Triệu An,Sex
Triệu An Tâm,Sex
Triều Anh,Sex
Triệu Anh,Sex
Trinh An,Sex
Trinh Anh,Sex
Trọng An,SexTrue
Trọng Anh,SexTrue
Trúc  An,Sex
Trúc An,SexFalse
Trúc An Thư,SexFalse
Trúc Anh,SexFalse
Trung An,Sex
Trung Anh,SexTrue
Trường  Anh,Sex
Trường An,Sex
Trường An,SexTrue
Trương Angela,Sex
Trường Anh,SexTrue
Trượng Ngọc Anh,Sex
Tú   Anh,Sex
Từ Alny,Sex
Tú An,SexFalse
Từ An,Sex
Tú Anh,SexFalse
Tứ Anh,Sex
Tú Anh Anh,Sex
Tuấn An,SexTrue
Tuấn Anh,SexTrue
Tuần Anh,Sex
Tuấn Anh Bình,Sex
Tuấn Anh,Sex
Tuấn Hưng  An,Sex
Tuấn Hưng Anh,Sex
Tuấn Nhật  An,Sex
Tuấn Xuân  Anh,Sex
Tuệ  An,Sex
Tuệ An,Sex
Tuệ An Khanh,Sex
Tuê Anh,Sex
Tuệ Anh,Sex
Tuệ Anh,Sex
Tùng Anh,SexTrue
Tường An,Sex
Tường An,Sex
Từơng An,Sex
Tường Anh,Sex
Tường Anh,SexTrue
Tường Trâm Anh,SexFalse
Tuy An,Sex
Tuyền An,Sex
Tuyến Anh,Sex
Tuyết An,Sex
Tuyết Anh,SexFalse
Tuyết Anh Anh,Sex
Vân  An,Sex
Vân  Anh,Sex
Vân Am,Sex
Vân An,SexFalse
Văn An,SexTrue
Vạn An,Sex
Vân Anh,SexFalse
Văn Anh,SexTrue
Văn Bảo  Anh,Sex
Văn Đức  Anh,Sex
Văn Khánh  An,Sex
Vàng Anh,Sex
Vi An,SexFalse
Vi Anh,SexFalse
Vì Anh,Sex
Vĩ Anh,Sex
Viên An,Sex
Viễn Anh,Sex
Việt An,SexTrue
Viết Anh,Sex
Việt Anh,Sex
Việt Anh,SexTrue
Viết Bảo  An,Sex
Viết Nhất An,Sex
Vinh An,Sex
Vĩnh An,Sex
Vinh Anh,SexTrue
Võ An My,Sex
Võ An Ni,Sex
Vòng Anh,Sex
Vũ An,SexTrue
Vũ An Hy,Sex
Vũ An Mẫn,Sex
Vũ An Tâm,Sex
Vũ An Uy,Sex
Vũ Anh,SexTrue
Vũ Anh  Khoa,Sex
Vũ anh Thy,Sex
Vương Anh,SexTrue
Vương Uốc Anh,Sex
Vy  An,Sex
Vy An,SexFalse
Vỹ An,Sex
Vy Anh,SexFalse
Vy Nà An,Sex
Xấu Anh,Sex
Xuân  An,Sex
Xuân An,SexTrue
Xuân An  Duy,Sex
Xuân An San,Sex
Xuân Anh,SexTrue
Xuân Anh  Duy,Sex
Xuân Hoàn An,Sex
Ý An,Sex
Y Anh,Sex
Ý Anh,Sex
Yên An,Sex
Yến An,Sex
Yên Anh,Sex
Yến Anh,SexFalse
